FECHA_EJECUCION,HORA_EJECUCION,ENTE,TOTAL_REGISTROS,ESTATUS
2025-03-16,12:53:51,Aguascalientes,204549,Disponible
2025-03-16,12:53:51,Jalisco,531520,Disponible
2025-03-16,12:53:51,Guanajuato,19308,Disponible
2025-03-16,12:53:51,México,112976,Disponible
2025-03-16,12:53:51,Zacatecas,157790,Disponible
2025-03-16,12:53:51,Tlaxcala,62107,Disponible
2025-03-16,12:53:51,Quintana Roo,311529,Disponible
2025-03-16,12:53:51,Tabasco,199,Disponible
2025-03-16,12:53:51,San Luis Potosí,96911,Disponible
2025-03-16,12:53:51,Baja California Sur,131821,Disponible
2025-03-16,12:53:51,Chihuahua,97962,Disponible
2025-03-16,12:53:51,INAI,4934,Disponible
2025-03-16,12:53:51,Chiapas,61640,Disponible
2025-03-16,12:53:51,Puebla,643128,Disponible
2025-03-16,12:53:51,INE,219356,Disponible
2025-03-16,12:53:51,Nayarit,6740,Disponible
2025-03-16,12:53:51,Michoacán,16252,Disponible
2025-03-16,12:53:51,Morelos,29071,Disponible
2025-03-16,12:53:51,Guerrero,99,Disponible
2025-03-16,12:53:51,CNDH,10520,Disponible
2025-03-16,12:53:51,SABG,5783702,Disponible
2025-03-16,12:53:51,Sinaloa,1252,Disponible
2025-03-16,12:53:51,Baja California,79,Disponible
2025-03-17,15:15:17,Aguascalientes,204560,Disponible
2025-03-17,15:15:17,Jalisco,531520,Disponible
2025-03-17,15:15:17,Guanajuato,19310,Disponible
2025-03-17,15:15:17,México,112977,Disponible
2025-03-17,15:15:17,Zacatecas,157790,Disponible
2025-03-17,15:15:17,Tlaxcala,62107,Disponible
2025-03-17,15:15:17,Quintana Roo,311529,Disponible
2025-03-17,15:15:17,Tabasco,199,Disponible
2025-03-17,15:15:17,San Luis Potosí,96913,Disponible
2025-03-17,15:15:17,Baja California Sur,131821,Disponible
2025-03-17,15:15:17,Chihuahua,97962,Disponible
2025-03-17,15:15:17,INAI,4934,Disponible
2025-03-17,15:15:17,Chiapas,61640,Disponible
2025-03-17,15:15:17,Puebla,643145,Disponible
2025-03-17,15:15:17,INE,219356,Disponible
2025-03-17,15:15:17,Nayarit,6740,Disponible
2025-03-17,15:15:17,Michoacán,16252,Disponible
2025-03-17,15:15:17,Morelos,29071,Disponible
2025-03-17,15:15:17,Guerrero,99,Disponible
2025-03-17,15:15:17,CNDH,10520,Disponible
2025-03-17,15:15:17,SABG,5783702,Disponible
2025-03-17,15:15:17,Sinaloa,1252,Disponible
2025-03-17,15:15:17,Baja California,79,Disponible
2025-03-18,10:55:53,Aguascalientes,204560,Disponible
2025-03-18,10:55:53,Jalisco,531520,Disponible
2025-03-18,10:55:53,Guanajuato,19310,Disponible
2025-03-18,10:55:53,México,112980,Disponible
2025-03-18,10:55:53,Zacatecas,157790,Disponible
2025-03-18,10:55:53,Tlaxcala,62109,Disponible
2025-03-18,10:55:53,Quintana Roo,311529,Disponible
2025-03-18,10:55:53,Tabasco,199,Disponible
2025-03-18,10:55:53,San Luis Potosí,96922,Disponible
2025-03-18,10:55:53,Baja California Sur,131821,Disponible
2025-03-18,10:55:53,Chihuahua,97962,Disponible
2025-03-18,10:55:53,INAI,4934,Disponible
2025-03-18,10:55:53,Chiapas,61640,Disponible
2025-03-18,10:55:53,Puebla,643165,Disponible
2025-03-18,10:55:53,INE,219356,Disponible
2025-03-18,10:55:53,Nayarit,6740,Disponible
2025-03-18,10:55:53,Michoacán,16252,Disponible
2025-03-18,10:55:53,Morelos,29071,Disponible
2025-03-18,10:55:53,Guerrero,99,Disponible
2025-03-18,10:55:53,CNDH,10520,Disponible
2025-03-18,10:55:53,SABG,5783702,Disponible
2025-03-18,10:55:53,Sinaloa,1252,Disponible
2025-03-18,10:55:53,Baja California,79,Disponible
2025-03-18,11:05:37,Aguascalientes,204560,Disponible
2025-03-18,11:05:37,Jalisco,531520,Disponible
2025-03-18,11:05:37,Guanajuato,19310,Disponible
2025-03-18,11:05:37,México,112980,Disponible
2025-03-18,11:05:37,Zacatecas,157790,Disponible
2025-03-18,11:05:37,Tlaxcala,62110,Disponible
2025-03-18,11:05:37,Quintana Roo,311529,Disponible
2025-03-18,11:05:37,Tabasco,199,Disponible
2025-03-18,11:05:37,San Luis Potosí,96923,Disponible
2025-03-18,11:05:37,Baja California Sur,131821,Disponible
2025-03-18,11:05:37,Chihuahua,97962,Disponible
2025-03-18,11:05:37,INAI,4934,Disponible
2025-03-18,11:05:37,Chiapas,61640,Disponible
2025-03-18,11:05:37,Puebla,643165,Disponible
2025-03-18,11:05:37,INE,219356,Disponible
2025-03-18,11:05:37,Nayarit,6740,Disponible
2025-03-18,11:05:37,Michoacán,16252,Disponible
2025-03-18,11:05:37,Morelos,29071,Disponible
2025-03-18,11:05:37,Guerrero,99,Disponible
2025-03-18,11:05:37,CNDH,10520,Disponible
2025-03-18,11:05:37,SABG,5783702,Disponible
2025-03-18,11:05:37,Sinaloa,1252,Disponible
2025-03-18,11:05:37,Baja California,79,Disponible
2025-03-19,11:44:33,Aguascalientes,204800,Disponible
2025-03-19,11:44:33,Jalisco,531520,Disponible
2025-03-19,11:44:33,Guanajuato,19317,Disponible
2025-03-19,11:44:33,México,113041,Disponible
2025-03-19,11:44:33,Zacatecas,157790,Disponible
2025-03-19,11:44:33,Tlaxcala,62138,Disponible
2025-03-19,11:44:33,Quintana Roo,311529,Disponible
2025-03-19,11:44:33,Tabasco,199,Disponible
2025-03-19,11:44:33,San Luis Potosí,96952,Disponible
2025-03-19,11:44:33,Baja California Sur,131832,Disponible
2025-03-19,11:44:33,Chihuahua,105360,Disponible
2025-03-19,11:44:33,INAI,4934,Disponible
2025-03-19,11:44:33,Chiapas,61640,Disponible
2025-03-19,11:44:33,Puebla,643309,Disponible
2025-03-19,11:44:33,INE,219356,Disponible
2025-03-19,11:44:33,Nayarit,6740,Disponible
2025-03-19,11:44:33,Michoacán,16252,Disponible
2025-03-19,11:44:33,Morelos,29071,Disponible
2025-03-19,11:44:33,Guerrero,99,Disponible
2025-03-19,11:44:33,CNDH,10520,Disponible
2025-03-19,11:44:33,SABG,5783702,Disponible
2025-03-19,11:44:33,Sinaloa,1252,Disponible
2025-03-19,11:44:33,Baja California,79,Disponible
2025-03-20,10:00:00,Aguascalientes,204864,Disponible
2025-03-20,10:00:00,Jalisco,531520,Disponible
2025-03-20,10:00:00,Guanajuato,19325,Disponible
2025-03-20,10:00:00,México,113050,Disponible
2025-03-20,10:00:00,Zacatecas,157790,Disponible
2025-03-20,10:00:00,Tlaxcala,62157,Disponible
2025-03-20,10:00:00,Quintana Roo,311529,Disponible
2025-03-20,10:00:00,Tabasco,199,Disponible
2025-03-20,10:00:00,San Luis Potosí,96969,Disponible
2025-03-20,10:00:00,Baja California Sur,131835,Disponible
2025-03-20,10:00:00,Chihuahua,105360,Disponible
2025-03-20,10:00:00,INAI,4934,Disponible
2025-03-20,10:00:00,Chiapas,61640,Disponible
2025-03-20,10:00:00,Puebla,643512,Disponible
2025-03-20,10:00:00,INE,219356,Disponible
2025-03-20,10:00:00,Nayarit,6740,Disponible
2025-03-20,10:00:00,Michoacán,16252,Disponible
2025-03-20,10:00:00,Morelos,36336,Disponible
2025-03-20,10:00:00,Guerrero,99,Disponible
2025-03-20,10:00:00,CNDH,10520,Disponible
2025-03-20,10:00:00,SABG,5783702,Disponible
2025-03-20,10:00:00,Sinaloa,1252,Disponible
2025-03-20,10:00:00,Baja California,79,Disponible
2025-03-21,10:00:00,Aguascalientes,204878,Disponible
2025-03-21,10:00:00,Jalisco,531520,Disponible
2025-03-21,10:00:00,Guanajuato,19333,Disponible
2025-03-21,10:00:00,México,113091,Disponible
2025-03-21,10:00:00,Zacatecas,157790,Disponible
2025-03-21,10:00:00,Tlaxcala,62176,Disponible
2025-03-21,10:00:00,Quintana Roo,311529,Disponible
2025-03-21,10:00:00,Tabasco,0,Disponible
2025-03-21,10:00:00,San Luis Potosí,96989,Disponible
2025-03-21,10:00:00,Baja California Sur,131842,Disponible
2025-03-21,10:00:00,Chihuahua,105360,Disponible
2025-03-21,10:00:00,INAI,4934,Disponible
2025-03-21,10:00:00,Chiapas,61640,Disponible
2025-03-21,10:00:00,Puebla,643611,Disponible
2025-03-21,10:00:00,INE,219356,Disponible
2025-03-21,10:00:00,Nayarit,6740,Disponible
2025-03-21,10:00:00,Michoacán,16252,Disponible
2025-03-21,10:00:00,Morelos,36336,Disponible
2025-03-21,10:00:00,Guerrero,99,Disponible
2025-03-21,10:00:00,CNDH,10520,Disponible
2025-03-21,10:00:00,SABG,5783702,Disponible
2025-03-21,10:00:00,Sinaloa,1252,Disponible
2025-03-21,10:00:00,Baja California,79,Disponible
2025-03-24,10:00:00,Aguascalientes,204951,Disponible
2025-03-24,10:00:00,Jalisco,531520,Disponible
2025-03-24,10:00:00,Guanajuato,19355,Disponible
2025-03-24,10:00:00,México,113092,Disponible
2025-03-24,10:00:00,Zacatecas,157790,Disponible
2025-03-24,10:00:00,Tlaxcala,62194,Disponible
2025-03-24,10:00:00,Quintana Roo,311529,Disponible
2025-03-24,10:00:00,Tabasco,199,Disponible
2025-03-24,10:00:00,San Luis Potosí,97011,Disponible
2025-03-24,10:00:00,Baja California Sur,131844,Disponible
2025-03-24,10:00:00,Chihuahua,105360,Disponible
2025-03-24,10:00:00,INAI,4934,Disponible
2025-03-24,10:00:00,Chiapas,61640,Disponible
2025-03-24,10:00:00,Puebla,643751,Disponible
2025-03-24,10:00:00,INE,219356,Disponible
2025-03-24,10:00:00,Nayarit,6740,Disponible
2025-03-24,10:00:00,Michoacán,0,Disponible
2025-03-24,10:00:00,Morelos,36336,Disponible
2025-03-24,10:00:00,Guerrero,99,Disponible
2025-03-24,10:00:00,CNDH,10520,Disponible
2025-03-24,10:00:00,SABG,5783702,Disponible
2025-03-24,10:00:00,Sinaloa,1252,Disponible
2025-03-24,10:00:00,Baja California,79,Disponible
2025-03-25,10:00:00,Aguascalientes,204951,Disponible
2025-03-25,10:00:00,Jalisco,531520,Disponible
2025-03-25,10:00:00,Guanajuato,19353,Disponible
2025-03-25,10:00:00,México,113144,Disponible
2025-03-25,10:00:00,Zacatecas,157790,Disponible
2025-03-25,10:00:00,Tlaxcala,62218,Disponible
2025-03-25,10:00:00,Quintana Roo,311529,Disponible
2025-03-25,10:00:00,Tabasco,199,Disponible
2025-03-25,10:00:00,San Luis Potosí,97035,Disponible
2025-03-25,10:00:00,Baja California Sur,131847,Disponible
2025-03-25,10:00:00,Chihuahua,105360,Disponible
2025-03-25,10:00:00,INAI,4934,Disponible
2025-03-25,10:00:00,Chiapas,61640,Disponible
2025-03-25,10:00:00,Puebla,643939,Disponible
2025-03-25,10:00:00,INE,219356,Disponible
2025-03-25,10:00:00,Nayarit,6740,Disponible
2025-03-25,10:00:00,Michoacán,0,Disponible
2025-03-25,10:00:00,Morelos,36336,Disponible
2025-03-25,10:00:00,Guerrero,99,Disponible
2025-03-25,10:00:00,CNDH,10520,Disponible
2025-03-25,10:00:00,SABG,5783702,Disponible
2025-03-25,10:00:00,Sinaloa,1252,Disponible
2025-03-25,10:00:00,Baja California,79,Disponible
2025-03-26,10:00:00,Aguascalientes,204951,Disponible
2025-03-26,10:00:00,Jalisco,531520,Disponible
2025-03-26,10:00:00,Guanajuato,19374,Disponible
2025-03-26,10:00:00,México,113166,Disponible
2025-03-26,10:00:00,Zacatecas,157790,Disponible
2025-03-26,10:00:00,Tlaxcala,62256,Disponible
2025-03-26,10:00:00,Quintana Roo,311529,Disponible
2025-03-26,10:00:00,Tabasco,199,Disponible
2025-03-26,10:00:00,San Luis Potosí,97077,Disponible
2025-03-26,10:00:00,Baja California Sur,131849,Disponible
2025-03-26,10:00:00,Chihuahua,105360,Disponible
2025-03-26,10:00:00,INAI,4934,Disponible
2025-03-26,10:00:00,Chiapas,61640,Disponible
2025-03-26,10:00:00,Puebla,643999,Disponible
2025-03-26,10:00:00,INE,219356,Disponible
2025-03-26,10:00:00,Nayarit,6740,Disponible
2025-03-26,10:00:00,Michoacán,0,Disponible
2025-03-26,10:00:00,Morelos,36336,Disponible
2025-03-26,10:00:00,Guerrero,99,Disponible
2025-03-26,10:00:00,CNDH,10520,Disponible
2025-03-26,10:00:00,SABG,5783702,Disponible
2025-03-26,10:00:00,Sinaloa,1252,Disponible
2025-03-26,10:00:00,Baja California,79,Disponible
2025-03-27,10:00:01,Aguascalientes,204951,Disponible
2025-03-27,10:00:01,Jalisco,531520,Disponible
2025-03-27,10:00:01,Guanajuato,19398,Disponible
2025-03-27,10:00:01,México,113188,Disponible
2025-03-27,10:00:01,Zacatecas,157790,Disponible
2025-03-27,10:00:01,Tlaxcala,62295,Disponible
2025-03-27,10:00:01,Quintana Roo,311529,Disponible
2025-03-27,10:00:01,Tabasco,199,Disponible
2025-03-27,10:00:01,San Luis Potosí,97109,Disponible
2025-03-27,10:00:01,Baja California Sur,131850,Disponible
2025-03-27,10:00:01,Chihuahua,105360,Disponible
2025-03-27,10:00:01,INAI,4934,Disponible
2025-03-27,10:00:01,Chiapas,125891,Disponible
2025-03-27,10:00:01,Puebla,644319,Disponible
2025-03-27,10:00:01,INE,219356,Disponible
2025-03-27,10:00:01,Nayarit,6740,Disponible
2025-03-27,10:00:01,Michoacán,0,Disponible
2025-03-27,10:00:01,Morelos,36336,Disponible
2025-03-27,10:00:01,Guerrero,99,Disponible
2025-03-27,10:00:01,CNDH,10520,Disponible
2025-03-27,10:00:01,SABG,5783702,Disponible
2025-03-27,10:00:01,Sinaloa,1252,Disponible
2025-03-27,10:00:01,Baja California,79,Disponible
2025-03-28,10:44:47,Aguascalientes,204951,Disponible
2025-03-28,10:44:47,Jalisco,531520,Disponible
2025-03-28,10:44:47,Guanajuato,19403,Disponible
2025-03-28,10:44:47,México,113200,Disponible
2025-03-28,10:44:47,Zacatecas,157790,Disponible
2025-03-28,10:44:47,Tlaxcala,62335,Disponible
2025-03-28,10:44:47,Quintana Roo,311529,Disponible
2025-03-28,10:44:47,Tabasco,199,Disponible
2025-03-28,10:44:47,San Luis Potosí,97144,Disponible
2025-03-28,10:44:47,Baja California Sur,131850,Disponible
2025-03-28,10:44:47,Chihuahua,105360,Disponible
2025-03-28,10:44:47,INAI,4934,Disponible
2025-03-28,10:44:47,Chiapas,125891,Disponible
2025-03-28,10:44:47,Puebla,644546,Disponible
2025-03-28,10:44:47,INE,219356,Disponible
2025-03-28,10:44:47,Nayarit,6740,Disponible
2025-03-28,10:44:47,Michoacán,0,Disponible
2025-03-28,10:44:47,Morelos,36336,Disponible
2025-03-28,10:44:47,Guerrero,99,Disponible
2025-03-28,10:44:47,CNDH,10520,Disponible
2025-03-28,10:44:47,SABG,5783702,Disponible
2025-03-28,10:44:47,Sinaloa,1252,Disponible
2025-03-28,10:44:47,Baja California,79,Disponible
2025-03-31,10:00:00,Aguascalientes,205013,Disponible
2025-03-31,10:00:00,Jalisco,531536,Disponible
2025-03-31,10:00:00,Guanajuato,19240,Disponible
2025-03-31,10:00:00,México,113202,Disponible
2025-03-31,10:00:00,Zacatecas,157790,Disponible
2025-03-31,10:00:00,Tlaxcala,62329,Disponible
2025-03-31,10:00:00,Quintana Roo,311529,Disponible
2025-03-31,10:00:00,Tabasco,199,Disponible
2025-03-31,10:00:00,San Luis Potosí,97183,Disponible
2025-03-31,10:00:00,Baja California Sur,131852,Disponible
2025-03-31,10:00:00,Chihuahua,105360,Disponible
2025-03-31,10:00:00,INAI,4934,Disponible
2025-03-31,10:00:00,Chiapas,125891,Disponible
2025-03-31,10:00:00,Puebla,644644,Disponible
2025-03-31,10:00:00,INE,219356,Disponible
2025-03-31,10:00:00,Nayarit,6740,Disponible
2025-03-31,10:00:00,Michoacán,0,Disponible
2025-03-31,10:00:00,Morelos,36336,Disponible
2025-03-31,10:00:00,Guerrero,99,Disponible
2025-03-31,10:00:00,CNDH,10520,Disponible
2025-03-31,10:00:00,SABG,5783702,Disponible
2025-03-31,10:00:00,Sinaloa,1252,Disponible
2025-03-31,10:00:00,Baja California,79,Disponible
2025-04-01,10:00:01,Aguascalientes,205308,Disponible
2025-04-01,10:00:01,Jalisco,531536,Disponible
2025-04-01,10:00:01,Guanajuato,ERROR,Request failed with status code 504
2025-04-01,10:00:01,México,113480,Disponible
2025-04-01,10:00:01,Zacatecas,157790,Disponible
2025-04-01,10:00:01,Tlaxcala,62344,Disponible
2025-04-01,10:00:01,Quintana Roo,311529,Disponible
2025-04-01,10:00:01,Tabasco,199,Disponible
2025-04-01,10:00:01,San Luis Potosí,97219,Disponible
2025-04-01,10:00:01,Baja California Sur,ERROR,Request failed with status code 504
2025-04-01,10:00:01,Chihuahua,105360,Disponible
2025-04-01,10:00:01,INAI,4934,Disponible
2025-04-01,10:00:01,Chiapas,125891,Disponible
2025-04-01,10:00:01,Puebla,ERROR,Request failed with status code 504
2025-04-01,10:00:01,INE,219356,Disponible
2025-04-01,10:00:01,Nayarit,6740,Disponible
2025-04-01,10:00:01,Michoacán,16252,Disponible
2025-04-01,10:00:01,Morelos,36336,Disponible
2025-04-01,10:00:01,Guerrero,100,Disponible
2025-04-01,10:00:01,CNDH,10520,Disponible
2025-04-01,10:00:01,SABG,5783702,Disponible
2025-04-01,10:00:01,Sinaloa,1252,Disponible
2025-04-01,10:00:01,Baja California,79,Disponible
2025-04-01,10:00:01,SESEA+AF8-TAMAULIPAS,4854,Disponible
2025-04-01,10:07:15,Aguascalientes,205308,Disponible
2025-04-01,10:07:15,Jalisco,531536,Disponible
2025-04-01,10:07:15,Guanajuato,19252,Disponible
2025-04-01,10:07:15,México,113480,Disponible
2025-04-01,10:07:15,Zacatecas,157790,Disponible
2025-04-01,10:07:15,Tlaxcala,62344,Disponible
2025-04-01,10:07:15,Quintana Roo,311529,Disponible
2025-04-01,10:07:15,Tabasco,ERROR,Request failed with status code 504
2025-04-01,10:07:15,San Luis Potosí,97220,Disponible
2025-04-01,10:07:15,Baja California Sur,ERROR,Request failed with status code 504
2025-04-01,10:07:15,Chihuahua,105360,Disponible
2025-04-01,10:07:15,INAI,4934,Disponible
2025-04-01,10:07:15,Chiapas,125891,Disponible
2025-04-01,10:07:15,Puebla,ERROR,Request failed with status code 504
2025-04-01,10:07:15,INE,219356,Disponible
2025-04-01,10:07:15,Nayarit,6740,Disponible
2025-04-01,10:07:15,Michoacán,16252,Disponible
2025-04-01,10:07:15,Morelos,36336,Disponible
2025-04-01,10:07:15,Guerrero,100,Disponible
2025-04-01,10:07:15,CNDH,ERROR,Request failed with status code 504
2025-04-01,10:07:15,SABG,5783702,Disponible
2025-04-01,10:07:15,Sinaloa,1252,Disponible
2025-04-01,10:07:15,Baja California,ERROR,Request failed with status code 504
2025-04-01,10:07:15,SESEA+AF8-TAMAULIPAS,4854,Disponible
2025-04-01,10:17:36,Aguascalientes,205308,Disponible
2025-04-01,10:17:36,Jalisco,531536,Disponible
2025-04-01,10:17:36,Guanajuato,ERROR,Request failed with status code 504
2025-04-01,10:17:36,México,ERROR,Request failed with status code 504
2025-04-01,10:17:36,Zacatecas,157790,Disponible
2025-04-01,10:17:36,Tlaxcala,62344,Disponible
2025-04-01,10:17:36,Quintana Roo,311529,Disponible
2025-04-01,10:17:36,Tabasco,ERROR,Request failed with status code 504
2025-04-01,10:17:36,San Luis Potosí,97222,Disponible
2025-04-01,10:17:36,Baja California Sur,ERROR,Request failed with status code 504
2025-04-01,10:17:36,Chihuahua,105360,Disponible
2025-04-01,10:17:36,INAI,4934,Disponible
2025-04-01,10:17:36,Chiapas,125891,Disponible
2025-04-01,10:17:36,Puebla,ERROR,Request failed with status code 504
2025-04-01,10:17:36,INE,219356,Disponible
2025-04-01,10:17:36,Nayarit,6740,Disponible
2025-04-01,10:17:36,Michoacán,16252,Disponible
2025-04-01,10:17:36,Morelos,36336,Disponible
2025-04-01,10:17:36,Guerrero,100,Disponible
2025-04-01,10:17:36,CNDH,ERROR,Request failed with status code 504
2025-04-01,10:17:36,SABG,5783702,Disponible
2025-04-01,10:17:36,Sinaloa,1252,Disponible
2025-04-01,10:17:36,Baja California,79,Disponible
2025-04-01,10:17:36,SESEA+AF8-TAMAULIPAS,4854,Disponible
2025-04-02,10:00:00,Aguascalientes,205336,Disponible
2025-04-02,10:00:00,Jalisco,531536,Disponible
2025-04-02,10:00:00,Guanajuato,19285,Disponible
2025-04-02,10:00:00,México,113525,Disponible
2025-04-02,10:00:00,Zacatecas,157790,Disponible
2025-04-02,10:00:00,Tlaxcala,62375,Disponible
2025-04-02,10:00:00,Quintana Roo,311529,Disponible
2025-04-02,10:00:00,Tabasco,199,Disponible
2025-04-02,10:00:00,San Luis Potosí,97249,Disponible
2025-04-02,10:00:00,Baja California Sur,131856,Disponible
2025-04-02,10:00:00,Chihuahua,105360,Disponible
2025-04-02,10:00:00,INAI,4934,Disponible
2025-04-02,10:00:00,Chiapas,125891,Disponible
2025-04-02,10:00:00,Puebla,644945,Disponible
2025-04-02,10:00:00,INE,219356,Disponible
2025-04-02,10:00:00,Nayarit,6740,Disponible
2025-04-02,10:00:00,Michoacán,16252,Disponible
2025-04-02,10:00:00,Morelos,36336,Disponible
2025-04-02,10:00:00,Guerrero,100,Disponible
2025-04-02,10:00:00,CNDH,10520,Disponible
2025-04-02,10:00:00,SABG,5783702,Disponible
2025-04-02,10:00:00,Sinaloa,1252,Disponible
2025-04-02,10:00:00,Baja California,79,Disponible
2025-04-02,10:00:00,SESEA+AF8-TAMAULIPAS,4854,Disponible
2025-04-03,10:00:01,Aguascalientes,205336,Disponible
2025-04-03,10:00:01,Jalisco,531536,Disponible
2025-04-03,10:00:01,Guanajuato,19299,Disponible
2025-04-03,10:00:01,México,113550,Disponible
2025-04-03,10:00:01,Zacatecas,157790,Disponible
2025-04-03,10:00:01,Tlaxcala,62404,Disponible
2025-04-03,10:00:01,Quintana Roo,311529,Disponible
2025-04-03,10:00:01,Tabasco,199,Disponible
2025-04-03,10:00:01,San Luis Potosí,97298,Disponible
2025-04-03,10:00:01,Baja California Sur,131858,Disponible
2025-04-03,10:00:01,Chihuahua,105360,Disponible
2025-04-03,10:00:01,INAI,4934,Disponible
2025-04-03,10:00:01,Chiapas,125891,Disponible
2025-04-03,10:00:01,Puebla,645372,Disponible
2025-04-03,10:00:01,INE,219356,Disponible
2025-04-03,10:00:01,Nayarit,6740,Disponible
2025-04-03,10:00:01,Michoacán,16252,Disponible
2025-04-03,10:00:01,Morelos,42068,Disponible
2025-04-03,10:00:01,Guerrero,100,Disponible
2025-04-03,10:00:01,CNDH,10520,Disponible
2025-04-03,10:00:01,SABG,5783702,Disponible
2025-04-03,10:00:01,Sinaloa,1252,Disponible
2025-04-03,10:00:01,Baja California,79,Disponible
2025-04-03,10:00:01,SESEA+AF8-TAMAULIPAS,4854,Disponible
2025-04-04,10:00:01,Aguascalientes,205336,Disponible
2025-04-04,10:00:01,Jalisco,531536,Disponible
2025-04-04,10:00:01,Guanajuato,19306,Disponible
2025-04-04,10:00:01,México,113594,Disponible
2025-04-04,10:00:01,Zacatecas,157811,Disponible
2025-04-04,10:00:01,Tlaxcala,62422,Disponible
2025-04-04,10:00:01,Quintana Roo,311529,Disponible
2025-04-04,10:00:01,Tabasco,199,Disponible
2025-04-04,10:00:01,San Luis Potosí,97339,Disponible
2025-04-04,10:00:01,Baja California Sur,131860,Disponible
2025-04-04,10:00:01,Chihuahua,105360,Disponible
2025-04-04,10:00:01,INAI,4934,Disponible
2025-04-04,10:00:01,Chiapas,125891,Disponible
2025-04-04,10:00:01,Puebla,645607,Disponible
2025-04-04,10:00:01,INE,219356,Disponible
2025-04-04,10:00:01,Nayarit,6740,Disponible
2025-04-04,10:00:01,Michoacán,16252,Disponible
2025-04-04,10:00:01,Morelos,42068,Disponible
2025-04-04,10:00:01,Guerrero,100,Disponible
2025-04-04,10:00:01,CNDH,10520,Disponible
2025-04-04,10:00:01,SABG,5783702,Disponible
2025-04-04,10:00:01,Sinaloa,1252,Disponible
2025-04-04,10:00:01,Baja California,79,Disponible
2025-04-04,10:00:01,SESEA+AF8-TAMAULIPAS,4854,Disponible
2025-04-07,10:00:00,Aguascalientes,205374,Disponible
2025-04-07,10:00:00,Jalisco,531536,Disponible
2025-04-07,10:00:00,Guanajuato,19311,Disponible
2025-04-07,10:00:00,México,113611,Disponible
2025-04-07,10:00:00,Zacatecas,157811,Disponible
2025-04-07,10:00:00,Tlaxcala,62450,Disponible
2025-04-07,10:00:00,Quintana Roo,311529,Disponible
2025-04-07,10:00:00,Tabasco,199,Disponible
2025-04-07,10:00:00,San Luis Potosí,97368,Disponible
2025-04-07,10:00:00,Baja California Sur,131863,Disponible
2025-04-07,10:00:00,Chihuahua,105360,Disponible
2025-04-07,10:00:00,INAI,4934,Disponible
2025-04-07,10:00:00,Chiapas,125891,Disponible
2025-04-07,10:00:00,Puebla,645754,Disponible
2025-04-07,10:00:00,INE,219356,Disponible
2025-04-07,10:00:00,Nayarit,6740,Disponible
2025-04-07,10:00:00,Michoacán,ERROR,Request failed with status code 504
2025-04-07,10:00:00,Morelos,42068,Disponible
2025-04-07,10:00:00,Guerrero,100,Disponible
2025-04-07,10:00:00,CNDH,10520,Disponible
2025-04-07,10:00:00,SABG,5783702,Disponible
2025-04-07,10:00:00,Sinaloa,1252,Disponible
2025-04-07,10:00:00,Baja California,79,Disponible
2025-04-07,10:00:00,SESEA+AF8-TAMAULIPAS,4854,Disponible
2025-04-07,10:04:20,Aguascalientes,205374,Disponible
2025-04-07,10:04:20,Jalisco,531536,Disponible
2025-04-07,10:04:20,Guanajuato,19311,Disponible
2025-04-07,10:04:20,México,113611,Disponible
2025-04-07,10:04:20,Zacatecas,157811,Disponible
2025-04-07,10:04:20,Tlaxcala,62450,Disponible
2025-04-07,10:04:20,Quintana Roo,311529,Disponible
2025-04-07,10:04:20,Tabasco,199,Disponible
2025-04-07,10:04:20,San Luis Potosí,97368,Disponible
2025-04-07,10:04:20,Baja California Sur,131863,Disponible
2025-04-07,10:04:20,Chihuahua,105360,Disponible
2025-04-07,10:04:20,INAI,4934,Disponible
2025-04-07,10:04:20,Chiapas,125891,Disponible
2025-04-07,10:04:20,Puebla,645792,Disponible
2025-04-07,10:04:20,INE,219356,Disponible
2025-04-07,10:04:20,Nayarit,6740,Disponible
2025-04-07,10:04:20,Michoacán,ERROR,Request failed with status code 504
2025-04-07,10:04:20,Morelos,42068,Disponible
2025-04-07,10:04:20,Guerrero,100,Disponible
2025-04-07,10:04:20,CNDH,10520,Disponible
2025-04-07,10:04:20,SABG,5783702,Disponible
2025-04-07,10:04:20,Sinaloa,1252,Disponible
2025-04-07,10:04:20,Baja California,79,Disponible
2025-04-07,10:04:20,SESEA+AF8-TAMAULIPAS,4854,Disponible
2025-04-07,10:08:34,Aguascalientes,205374,Disponible
2025-04-07,10:08:34,Jalisco,531536,Disponible
2025-04-07,10:08:34,Guanajuato,19311,Disponible
2025-04-07,10:08:34,México,113611,Disponible
2025-04-07,10:08:34,Zacatecas,157811,Disponible
2025-04-07,10:08:34,Tlaxcala,62451,Disponible
2025-04-07,10:08:34,Quintana Roo,311529,Disponible
2025-04-07,10:08:34,Tabasco,199,Disponible
2025-04-07,10:08:34,San Luis Potosí,97368,Disponible
2025-04-07,10:08:34,Baja California Sur,131863,Disponible
2025-04-07,10:08:34,Chihuahua,105360,Disponible
2025-04-07,10:08:34,INAI,4934,Disponible
2025-04-07,10:08:34,Chiapas,125891,Disponible
2025-04-07,10:08:34,Puebla,645792,Disponible
2025-04-07,10:08:34,INE,219356,Disponible
2025-04-07,10:08:34,Nayarit,6740,Disponible
2025-04-07,10:08:34,Michoacán,ERROR,Request failed with status code 504
2025-04-07,10:08:34,Morelos,42068,Disponible
2025-04-07,10:08:34,Guerrero,100,Disponible
2025-04-07,10:08:34,CNDH,10520,Disponible
2025-04-07,10:08:34,SABG,5783702,Disponible
2025-04-07,10:08:34,Sinaloa,1252,Disponible
2025-04-07,10:08:34,Baja California,79,Disponible
2025-04-07,10:08:34,SESEA+AF8-TAMAULIPAS,4854,Disponible
2025-04-08,10:00:00,Aguascalientes,206175,Disponible
2025-04-08,10:00:00,Jalisco,531536,Disponible
2025-04-08,10:00:00,Guanajuato,19314,Disponible
2025-04-08,10:00:00,México,113649,Disponible
2025-04-08,10:00:00,Zacatecas,157811,Disponible
2025-04-08,10:00:00,Tlaxcala,62474,Disponible
2025-04-08,10:00:00,Quintana Roo,311529,Disponible
2025-04-08,10:00:00,Tabasco,199,Disponible
2025-04-08,10:00:00,San Luis Potosí,97396,Disponible
2025-04-08,10:00:00,Baja California Sur,131867,Disponible
2025-04-08,10:00:00,Chihuahua,105360,Disponible
2025-04-08,10:00:00,INAI,4934,Disponible
2025-04-08,10:00:00,Chiapas,125891,Disponible
2025-04-08,10:00:00,Puebla,645892,Disponible
2025-04-08,10:00:00,INE,219356,Disponible
2025-04-08,10:00:00,Nayarit,6740,Disponible
2025-04-08,10:00:00,Michoacán,0,Disponible
2025-04-08,10:00:00,Morelos,42068,Disponible
2025-04-08,10:00:00,Guerrero,100,Disponible
2025-04-08,10:00:00,CNDH,10520,Disponible
2025-04-08,10:00:00,SABG,5783702,Disponible
2025-04-08,10:00:00,Sinaloa,1252,Disponible
2025-04-08,10:00:00,Baja California,79,Disponible
2025-04-08,10:00:00,SESEA+AF8-TAMAULIPAS,4854,Disponible
2025-04-09,10:00:01,Aguascalientes,206175,Disponible
2025-04-09,10:00:01,Jalisco,531536,Disponible
2025-04-09,10:00:01,Guanajuato,19338,Disponible
2025-04-09,10:00:01,México,113649,Disponible
2025-04-09,10:00:01,Zacatecas,157811,Disponible
2025-04-09,10:00:01,Tlaxcala,62494,Disponible
2025-04-09,10:00:01,Quintana Roo,311529,Disponible
2025-04-09,10:00:01,Tabasco,199,Disponible
2025-04-09,10:00:01,San Luis Potosí,97421,Disponible
2025-04-09,10:00:01,Baja California Sur,131874,Disponible
2025-04-09,10:00:01,Chihuahua,105360,Disponible
2025-04-09,10:00:01,INAI,4934,Disponible
2025-04-09,10:00:01,Chiapas,125891,Disponible
2025-04-09,10:00:01,Puebla,646166,Disponible
2025-04-09,10:00:01,INE,219356,Disponible
2025-04-09,10:00:01,Nayarit,6740,Disponible
2025-04-09,10:00:01,Michoacán,0,Disponible
2025-04-09,10:00:01,Morelos,42068,Disponible
2025-04-09,10:00:01,Guerrero,100,Disponible
2025-04-09,10:00:01,CNDH,10520,Disponible
2025-04-09,10:00:01,SABG,5783702,Disponible
2025-04-09,10:00:01,Sinaloa,1252,Disponible
2025-04-09,10:00:01,Baja California,79,Disponible
2025-04-09,10:00:01,SESEA+AF8-TAMAULIPAS,4854,Disponible
2025-04-10,10:00:00,Aguascalientes,206175,Disponible
2025-04-10,10:00:00,Jalisco,531536,Disponible
2025-04-10,10:00:00,Guanajuato,19349,Disponible
2025-04-10,10:00:00,México,113653,Disponible
2025-04-10,10:00:00,Zacatecas,157811,Disponible
2025-04-10,10:00:00,Tlaxcala,62513,Disponible
2025-04-10,10:00:00,Quintana Roo,311529,Disponible
2025-04-10,10:00:00,Tabasco,199,Disponible
2025-04-10,10:00:00,San Luis Potosí,97457,Disponible
2025-04-10,10:00:00,Baja California Sur,131874,Disponible
2025-04-10,10:00:00,Chihuahua,105360,Disponible
2025-04-10,10:00:00,INAI,4934,Disponible
2025-04-10,10:00:00,Chiapas,125891,Disponible
2025-04-10,10:00:00,Puebla,646342,Disponible
2025-04-10,10:00:00,INE,219356,Disponible
2025-04-10,10:00:00,Nayarit,6740,Disponible
2025-04-10,10:00:00,Michoacán,16252,Disponible
2025-04-10,10:00:00,Morelos,42068,Disponible
2025-04-10,10:00:00,Guerrero,100,Disponible
2025-04-10,10:00:00,CNDH,10520,Disponible
2025-04-10,10:00:00,SABG,5783702,Disponible
2025-04-10,10:00:00,Sinaloa,1252,Disponible
2025-04-10,10:00:00,Baja California,79,Disponible
2025-04-10,10:00:00,SESEA+AF8-TAMAULIPAS,4854,Disponible
2025-04-11,10:00:00,Aguascalientes,206175,Disponible
2025-04-11,10:00:00,Jalisco,531536,Disponible
2025-04-11,10:00:00,Guanajuato,19359,Disponible
2025-04-11,10:00:00,México,113563,Disponible
2025-04-11,10:00:00,Zacatecas,157811,Disponible
2025-04-11,10:00:00,Tlaxcala,62551,Disponible
2025-04-11,10:00:00,Quintana Roo,311576,Disponible
2025-04-11,10:00:00,Tabasco,199,Disponible
2025-04-11,10:00:00,San Luis Potosí,97499,Disponible
2025-04-11,10:00:00,Baja California Sur,131877,Disponible
2025-04-11,10:00:00,Chihuahua,105360,Disponible
2025-04-11,10:00:00,INAI,4934,Disponible
2025-04-11,10:00:00,Chiapas,125891,Disponible
2025-04-11,10:00:00,Puebla,661414,Disponible
2025-04-11,10:00:00,INE,219356,Disponible
2025-04-11,10:00:00,Nayarit,6740,Disponible
2025-04-11,10:00:00,Michoacán,16252,Disponible
2025-04-11,10:00:00,Morelos,42068,Disponible
2025-04-11,10:00:00,Guerrero,100,Disponible
2025-04-11,10:00:00,CNDH,10520,Disponible
2025-04-11,10:00:00,SABG,5783702,Disponible
2025-04-11,10:00:00,Sinaloa,1252,Disponible
2025-04-11,10:00:00,Baja California,79,Disponible
2025-04-11,10:00:00,SESEA+AF8-TAMAULIPAS,4854,Disponible
2025-04-14,10:06:25,Aguascalientes,206175,Disponible
2025-04-14,10:06:25,Jalisco,531536,Disponible
2025-04-14,10:06:25,Guanajuato,19388,Disponible
2025-04-14,10:06:25,México,113578,Disponible
2025-04-14,10:06:25,Zacatecas,157811,Disponible
2025-04-14,10:06:25,Tlaxcala,62579,Disponible
2025-04-14,10:06:25,Quintana Roo,311576,Disponible
2025-04-14,10:06:25,Tabasco,211,Disponible
2025-04-14,10:06:25,San Luis Potosí,97540,Disponible
2025-04-14,10:06:25,Baja California Sur,131878,Disponible
2025-04-14,10:06:25,Chihuahua,106831,Disponible
2025-04-14,10:06:25,INAI,4934,Disponible
2025-04-14,10:06:25,Chiapas,125891,Disponible
2025-04-14,10:06:25,Puebla,662259,Disponible
2025-04-14,10:06:25,INE,219356,Disponible
2025-04-14,10:06:25,Nayarit,6740,Disponible
2025-04-14,10:06:25,Michoacán,16252,Disponible
2025-04-14,10:06:25,Morelos,42068,Disponible
2025-04-14,10:06:25,Guerrero,100,Disponible
2025-04-14,10:06:25,CNDH,10520,Disponible
2025-04-14,10:06:25,SABG,5783702,Disponible
2025-04-14,10:06:25,Sinaloa,1252,Disponible
2025-04-14,10:06:25,Baja California,79,Disponible
2025-04-14,10:06:25,SESEA+AF8-TAMAULIPAS,4854,Disponible
2025-04-15,10:00:00,Aguascalientes,206175,Disponible
2025-04-15,10:00:00,Jalisco,531536,Disponible
2025-04-15,10:00:00,Guanajuato,19390,Disponible
2025-04-15,10:00:00,México,113592,Disponible
2025-04-15,10:00:00,Zacatecas,157811,Disponible
2025-04-15,10:00:00,Tlaxcala,62591,Disponible
2025-04-15,10:00:00,Quintana Roo,311576,Disponible
2025-04-15,10:00:00,Tabasco,211,Disponible
2025-04-15,10:00:00,San Luis Potosí,97584,Disponible
2025-04-15,10:00:00,Baja California Sur,131878,Disponible
2025-04-15,10:00:00,Chihuahua,106831,Disponible
2025-04-15,10:00:00,INAI,4934,Disponible
2025-04-15,10:00:00,Chiapas,125891,Disponible
2025-04-15,10:00:00,Puebla,662375,Disponible
2025-04-15,10:00:00,INE,219356,Disponible
2025-04-15,10:00:00,Nayarit,6740,Disponible
2025-04-15,10:00:00,Michoacán,16252,Disponible
2025-04-15,10:00:00,Morelos,42068,Disponible
2025-04-15,10:00:00,Guerrero,100,Disponible
2025-04-15,10:00:00,CNDH,10520,Disponible
2025-04-15,10:00:00,SABG,5783702,Disponible
2025-04-15,10:00:00,Sinaloa,1252,Disponible
2025-04-15,10:00:00,Baja California,79,Disponible
2025-04-15,10:00:00,SESEA+AF8-TAMAULIPAS,4854,Disponible
2025-04-21,10:00:00,Aguascalientes,206175,Disponible
2025-04-21,10:00:00,Jalisco,531536,Disponible
2025-04-21,10:00:00,Guanajuato,19406,Disponible
2025-04-21,10:00:00,México,113633,Disponible
2025-04-21,10:00:00,Zacatecas,157811,Disponible
2025-04-21,10:00:00,Tlaxcala,62642,Disponible
2025-04-21,10:00:00,Quintana Roo,311576,Disponible
2025-04-21,10:00:00,Tabasco,211,Disponible
2025-04-21,10:00:00,San Luis Potosí,97686,Disponible
2025-04-21,10:00:00,Baja California Sur,131879,Disponible
2025-04-21,10:00:00,Chihuahua,106831,Disponible
2025-04-21,10:00:00,INAI,4934,Disponible
2025-04-21,10:00:00,Chiapas,125891,Disponible
2025-04-21,10:00:00,Puebla,662783,Disponible
2025-04-21,10:00:00,INE,219356,Disponible
2025-04-21,10:00:00,Nayarit,6740,Disponible
2025-04-21,10:00:00,Michoacán,0,Disponible
2025-04-21,10:00:00,Morelos,42068,Disponible
2025-04-21,10:00:00,Guerrero,100,Disponible
2025-04-21,10:00:00,CNDH,10520,Disponible
2025-04-21,10:00:00,SABG,5783702,Disponible
2025-04-21,10:00:00,Sinaloa,1252,Disponible
2025-04-21,10:00:00,Baja California,79,Disponible
2025-04-21,10:00:00,Tamaulipas,4854,Disponible
2025-04-22,10:00:00,Aguascalientes,206175,Disponible
2025-04-22,10:00:00,Jalisco,531536,Disponible
2025-04-22,10:00:00,Guanajuato,0,Disponible
2025-04-22,10:00:00,México,113665,Disponible
2025-04-22,10:00:00,Zacatecas,157811,Disponible
2025-04-22,10:00:00,Tlaxcala,62654,Disponible
2025-04-22,10:00:00,Quintana Roo,311576,Disponible
2025-04-22,10:00:00,Tabasco,211,Disponible
2025-04-22,10:00:00,San Luis Potosí,97711,Disponible
2025-04-22,10:00:00,Baja California Sur,131880,Disponible
2025-04-22,10:00:00,Chihuahua,106831,Disponible
2025-04-22,10:00:00,INAI,4934,Disponible
2025-04-22,10:00:00,Chiapas,125891,Disponible
2025-04-22,10:00:00,Puebla,662878,Disponible
2025-04-22,10:00:00,INE,219356,Disponible
2025-04-22,10:00:00,Nayarit,6740,Disponible
2025-04-22,10:00:00,Michoacán,0,Disponible
2025-04-22,10:00:00,Morelos,42068,Disponible
2025-04-22,10:00:00,Guerrero,100,Disponible
2025-04-22,10:00:00,CNDH,10520,Disponible
2025-04-22,10:00:00,SABG,5783702,Disponible
2025-04-22,10:00:00,Sinaloa,1252,Disponible
2025-04-22,10:00:00,Baja California,79,Disponible
2025-04-22,10:00:00,Tamaulipas,4854,Disponible
2025-04-23,10:00:01,Aguascalientes,206175,Disponible
2025-04-23,10:00:01,Jalisco,531536,Disponible
2025-04-23,10:00:01,Guanajuato,0,Disponible
2025-04-23,10:00:01,México,0,Disponible
2025-04-23,10:00:01,Zacatecas,157811,Disponible
2025-04-23,10:00:01,Tlaxcala,62679,Disponible
2025-04-23,10:00:01,Quintana Roo,311576,Disponible
2025-04-23,10:00:01,Tabasco,211,Disponible
2025-04-23,10:00:01,San Luis Potosí,ERROR,Request failed with status code 504
2025-04-23,10:00:01,Baja California Sur,131881,Disponible
2025-04-23,10:00:01,Chihuahua,106831,Disponible
2025-04-23,10:00:01,INAI,4934,Disponible
2025-04-23,10:00:01,Chiapas,125891,Disponible
2025-04-23,10:00:01,Puebla,663274,Disponible
2025-04-23,10:00:01,INE,219356,Disponible
2025-04-23,10:00:01,Nayarit,6740,Disponible
2025-04-23,10:00:01,Michoacán,0,Disponible
2025-04-23,10:00:01,Morelos,42068,Disponible
2025-04-23,10:00:01,Guerrero,100,Disponible
2025-04-23,10:00:01,CNDH,10520,Disponible
2025-04-23,10:00:01,SABG,5783702,Disponible
2025-04-23,10:00:01,Sinaloa,1252,Disponible
2025-04-23,10:00:01,Baja California,79,Disponible
2025-04-23,10:00:01,Tamaulipas,4854,Disponible
2025-04-24,10:00:01,Aguascalientes,206175,Disponible
2025-04-24,10:00:01,Jalisco,531536,Disponible
2025-04-24,10:00:01,Guanajuato,19422,Disponible
2025-04-24,10:00:01,México,113788,Disponible
2025-04-24,10:00:01,Zacatecas,157811,Disponible
2025-04-24,10:00:01,Tlaxcala,62696,Disponible
2025-04-24,10:00:01,Quintana Roo,311576,Disponible
2025-04-24,10:00:01,Tabasco,211,Disponible
2025-04-24,10:00:01,San Luis Potosí,97826,Disponible
2025-04-24,10:00:01,Baja California Sur,131886,Disponible
2025-04-24,10:00:01,Chihuahua,106831,Disponible
2025-04-24,10:00:01,INAI,4934,Disponible
2025-04-24,10:00:01,Chiapas,125891,Disponible
2025-04-24,10:00:01,Puebla,663402,Disponible
2025-04-24,10:00:01,INE,219356,Disponible
2025-04-24,10:00:01,Nayarit,6740,Disponible
2025-04-24,10:00:01,Michoacán,0,Disponible
2025-04-24,10:00:01,Morelos,42068,Disponible
2025-04-24,10:00:01,Guerrero,100,Disponible
2025-04-24,10:00:01,CNDH,10520,Disponible
2025-04-24,10:00:01,SABG,5783702,Disponible
2025-04-24,10:00:01,Sinaloa,1252,Disponible
2025-04-24,10:00:01,Baja California,79,Disponible
2025-04-24,10:00:01,Tamaulipas,4854,Disponible
2025-04-25,10:00:00,Aguascalientes,206175,Disponible
2025-04-25,10:00:00,Jalisco,531536,Disponible
2025-04-25,10:00:00,Guanajuato,19430,Disponible
2025-04-25,10:00:00,México,ERROR,Request failed with status code 504
2025-04-25,10:00:00,Zacatecas,157811,Disponible
2025-04-25,10:00:00,Tlaxcala,62711,Disponible
2025-04-25,10:00:00,Quintana Roo,311576,Disponible
2025-04-25,10:00:00,Tabasco,211,Disponible
2025-04-25,10:00:00,San Luis Potosí,97879,Disponible
2025-04-25,10:00:00,Baja California Sur,131888,Disponible
2025-04-25,10:00:00,Chihuahua,106831,Disponible
2025-04-25,10:00:00,INAI,4934,Disponible
2025-04-25,10:00:00,Chiapas,125891,Disponible
2025-04-25,10:00:00,Puebla,663478,Disponible
2025-04-25,10:00:00,INE,219356,Disponible
2025-04-25,10:00:00,Nayarit,6740,Disponible
2025-04-25,10:00:00,Michoacán,0,Disponible
2025-04-25,10:00:00,Morelos,42068,Disponible
2025-04-25,10:00:00,Guerrero,100,Disponible
2025-04-25,10:00:00,CNDH,10520,Disponible
2025-04-25,10:00:00,SABG,5783702,Disponible
2025-04-25,10:00:00,Sinaloa,1252,Disponible
2025-04-25,10:00:00,Baja California,79,Disponible
2025-04-25,10:00:00,Tamaulipas,4854,Disponible
2025-04-25,10:03:49,Aguascalientes,206175,Disponible
2025-04-25,10:03:49,Jalisco,531536,Disponible
2025-04-25,10:03:49,Guanajuato,19430,Disponible
2025-04-25,10:03:49,México,ERROR,Request failed with status code 504
2025-04-25,10:03:49,Zacatecas,157811,Disponible
2025-04-25,10:03:49,Tlaxcala,62711,Disponible
2025-04-25,10:03:49,Quintana Roo,311576,Disponible
2025-04-25,10:03:49,Tabasco,211,Disponible
2025-04-25,10:03:49,San Luis Potosí,97879,Disponible
2025-04-25,10:03:49,Baja California Sur,131888,Disponible
2025-04-25,10:03:49,Chihuahua,106831,Disponible
2025-04-25,10:03:49,INAI,4934,Disponible
2025-04-25,10:03:49,Chiapas,125891,Disponible
2025-04-25,10:03:49,Puebla,663503,Disponible
2025-04-25,10:03:49,INE,219356,Disponible
2025-04-25,10:03:49,Nayarit,6740,Disponible
2025-04-25,10:03:49,Michoacán,0,Disponible
2025-04-25,10:03:49,Morelos,42068,Disponible
2025-04-25,10:03:49,Guerrero,100,Disponible
2025-04-25,10:03:49,CNDH,10520,Disponible
2025-04-25,10:03:49,SABG,5783702,Disponible
2025-04-25,10:03:49,Sinaloa,1252,Disponible
2025-04-25,10:03:49,Baja California,79,Disponible
2025-04-25,10:03:49,Tamaulipas,4854,Disponible
2025-04-25,10:07:36,Aguascalientes,206175,Disponible
2025-04-25,10:07:36,Jalisco,531536,Disponible
2025-04-25,10:07:36,Guanajuato,19430,Disponible
2025-04-25,10:07:36,México,ERROR,Request failed with status code 504
2025-04-25,10:07:36,Zacatecas,157811,Disponible
2025-04-25,10:07:36,Tlaxcala,62711,Disponible
2025-04-25,10:07:36,Quintana Roo,311576,Disponible
2025-04-25,10:07:36,Tabasco,211,Disponible
2025-04-25,10:07:36,San Luis Potosí,97880,Disponible
2025-04-25,10:07:36,Baja California Sur,131888,Disponible
2025-04-25,10:07:36,Chihuahua,106831,Disponible
2025-04-25,10:07:36,INAI,4934,Disponible
2025-04-25,10:07:36,Chiapas,125891,Disponible
2025-04-25,10:07:36,Puebla,663503,Disponible
2025-04-25,10:07:36,INE,219356,Disponible
2025-04-25,10:07:36,Nayarit,6740,Disponible
2025-04-25,10:07:36,Michoacán,0,Disponible
2025-04-25,10:07:36,Morelos,42068,Disponible
2025-04-25,10:07:36,Guerrero,100,Disponible
2025-04-25,10:07:36,CNDH,10520,Disponible
2025-04-25,10:07:36,SABG,5783702,Disponible
2025-04-25,10:07:36,Sinaloa,1252,Disponible
2025-04-25,10:07:36,Baja California,79,Disponible
2025-04-25,10:07:36,Tamaulipas,4854,Disponible
2025-04-28,10:00:00,Aguascalientes,206175,Disponible
2025-04-28,10:00:00,Jalisco,531536,Disponible
2025-04-28,10:00:00,Guanajuato,19445,Disponible
2025-04-28,10:00:00,México,ERROR,Request failed with status code 504
2025-04-28,10:00:00,Zacatecas,157811,Disponible
2025-04-28,10:00:00,Tlaxcala,62727,Disponible
2025-04-28,10:00:00,Quintana Roo,311576,Disponible
2025-04-28,10:00:00,Tabasco,211,Disponible
2025-04-28,10:00:00,San Luis Potosí,97922,Disponible
2025-04-28,10:00:00,Baja California Sur,131891,Disponible
2025-04-28,10:00:00,Chihuahua,106831,Disponible
2025-04-28,10:00:00,INAI,4934,Disponible
2025-04-28,10:00:00,Chiapas,125891,Disponible
2025-04-28,10:00:00,Puebla,663679,Disponible
2025-04-28,10:00:00,INE,219356,Disponible
2025-04-28,10:00:00,Nayarit,6740,Disponible
2025-04-28,10:00:00,Michoacán,16252,Disponible
2025-04-28,10:00:00,Morelos,42068,Disponible
2025-04-28,10:00:00,Guerrero,100,Disponible
2025-04-28,10:00:00,CNDH,10520,Disponible
2025-04-28,10:00:00,SABG,5783702,Disponible
2025-04-28,10:00:00,Sinaloa,1252,Disponible
2025-04-28,10:00:00,Baja California,79,Disponible
2025-04-28,10:00:00,Tamaulipas,4854,Disponible
2025-04-29,10:00:00,Aguascalientes,206175,Disponible
2025-04-29,10:00:00,Jalisco,531536,Disponible
2025-04-29,10:00:00,Guanajuato,19448,Disponible
2025-04-29,10:00:00,México,ERROR,Request failed with status code 504
2025-04-29,10:00:00,Zacatecas,157811,Disponible
2025-04-29,10:00:00,Tlaxcala,62743,Disponible
2025-04-29,10:00:00,Quintana Roo,311576,Disponible
2025-04-29,10:00:00,Tabasco,211,Disponible
2025-04-29,10:00:00,San Luis Potosí,97975,Disponible
2025-04-29,10:00:00,Baja California Sur,131893,Disponible
2025-04-29,10:00:00,Chihuahua,106831,Disponible
2025-04-29,10:00:00,INAI,4934,Disponible
2025-04-29,10:00:00,Chiapas,125891,Disponible
2025-04-29,10:00:00,Puebla,663903,Disponible
2025-04-29,10:00:00,INE,219356,Disponible
2025-04-29,10:00:00,Nayarit,6740,Disponible
2025-04-29,10:00:00,Michoacán,16252,Disponible
2025-04-29,10:00:00,Morelos,42068,Disponible
2025-04-29,10:00:00,Guerrero,100,Disponible
2025-04-29,10:00:00,CNDH,10520,Disponible
2025-04-29,10:00:00,SABG,5783702,Disponible
2025-04-29,10:00:00,Sinaloa,1252,Disponible
2025-04-29,10:00:00,Baja California,79,Disponible
2025-04-29,10:00:00,Tamaulipas,4854,Disponible
2025-04-29,10:00:00,SESEA_COLIMA,119,Disponible
2025-04-30,10:00:00,Aguascalientes,206286,Disponible
2025-04-30,10:00:00,Jalisco,531536,Disponible
2025-04-30,10:00:00,Guanajuato,19471,Disponible
2025-04-30,10:00:00,México,ERROR,Request failed with status code 504
2025-04-30,10:00:00,Zacatecas,157811,Disponible
2025-04-30,10:00:00,Tlaxcala,62757,Disponible
2025-04-30,10:00:00,Quintana Roo,311576,Disponible
2025-04-30,10:00:00,Tabasco,211,Disponible
2025-04-30,10:00:00,San Luis Potosí,98030,Disponible
2025-04-30,10:00:00,Baja California Sur,131894,Disponible
2025-04-30,10:00:00,Chihuahua,106831,Disponible
2025-04-30,10:00:00,INAI,4934,Disponible
2025-04-30,10:00:00,Chiapas,125891,Disponible
2025-04-30,10:00:00,Puebla,663907,Disponible
2025-04-30,10:00:00,INE,219356,Disponible
2025-04-30,10:00:00,Nayarit,6740,Disponible
2025-04-30,10:00:00,Michoacán,16252,Disponible
2025-04-30,10:00:00,Morelos,42068,Disponible
2025-04-30,10:00:00,Guerrero,100,Disponible
2025-04-30,10:00:00,CNDH,10520,Disponible
2025-04-30,10:00:00,SABG,5783702,Disponible
2025-04-30,10:00:00,Sinaloa,1252,Disponible
2025-04-30,10:00:00,Baja California,0,Disponible
2025-04-30,10:00:00,SESEA_COLIMA,119,Disponible
2025-05-05,10:00:01,Aguascalientes,206286,Disponible
2025-05-05,10:00:01,Jalisco,531536,Disponible
2025-05-05,10:00:01,Guanajuato,19486,Disponible
2025-05-05,10:00:01,México,114547,Disponible
2025-05-05,10:00:01,Zacatecas,158023,Disponible
2025-05-05,10:00:01,Tlaxcala,63018,Disponible
2025-05-05,10:00:01,Quintana Roo,311576,Disponible
2025-05-05,10:00:01,Tabasco,211,Disponible
2025-05-05,10:00:01,San Luis Potosí,99031,Disponible
2025-05-05,10:00:01,Baja California Sur,131935,Disponible
2025-05-05,10:00:01,Chihuahua,106831,Disponible
2025-05-05,10:00:01,INAI,4934,Disponible
2025-05-05,10:00:01,Chiapas,125891,Disponible
2025-05-05,10:00:01,Puebla,669790,Disponible
2025-05-05,10:00:01,INE,219356,Disponible
2025-05-05,10:00:01,Nayarit,6740,Disponible
2025-05-05,10:00:01,Michoacán,16252,Disponible
2025-05-05,10:00:01,Morelos,42068,Disponible
2025-05-05,10:00:01,Guerrero,100,Disponible
2025-05-05,10:00:01,CNDH,10520,Disponible
2025-05-05,10:00:01,SABG,5783702,Disponible
2025-05-05,10:00:01,Sinaloa,1252,Disponible
2025-05-05,10:00:01,Baja California,79,Disponible
2025-05-05,10:00:01,Colima,119,Disponible
2025-05-06,10:34:10,Aguascalientes,206286,Disponible
2025-05-06,10:34:10,Jalisco,531536,Disponible
2025-05-06,10:34:10,Guanajuato,19486,Disponible
2025-05-06,10:34:10,México,114619,Disponible
2025-05-06,10:34:10,Zacatecas,159056,Disponible
2025-05-06,10:34:10,Tlaxcala,63203,Disponible
2025-05-06,10:34:10,Quintana Roo,311576,Disponible
2025-05-06,10:34:10,Tabasco,211,Disponible
2025-05-06,10:34:10,San Luis Potosí,99638,Disponible
2025-05-06,10:34:10,Baja California Sur,131936,Disponible
2025-05-06,10:34:10,Chihuahua,106831,Disponible
2025-05-06,10:34:10,INAI,4934,Disponible
2025-05-06,10:34:10,Chiapas,125891,Disponible
2025-05-06,10:34:10,Puebla,671756,Disponible
2025-05-06,10:34:10,INE,219356,Disponible
2025-05-06,10:34:10,Nayarit,6740,Disponible
2025-05-06,10:34:10,Michoacán,16252,Disponible
2025-05-06,10:34:10,Morelos,42068,Disponible
2025-05-06,10:34:10,Guerrero,100,Disponible
2025-05-06,10:34:10,CNDH,10520,Disponible
2025-05-06,10:34:10,SABG,5783702,Disponible
2025-05-06,10:34:10,Sinaloa,1252,Disponible
2025-05-06,10:34:10,Baja California,79,Disponible
2025-05-06,10:34:10,Colima,119,Disponible
2025-05-07,10:00:00,Aguascalientes,206286,Disponible
2025-05-07,10:00:00,Jalisco,531571,Disponible
2025-05-07,10:00:00,Guanajuato,19490,Disponible
2025-05-07,10:00:00,México,114649,Disponible
2025-05-07,10:00:00,Zacatecas,166124,Disponible
2025-05-07,10:00:00,Tlaxcala,63568,Disponible
2025-05-07,10:00:00,Quintana Roo,311576,Disponible
2025-05-07,10:00:00,Tabasco,211,Disponible
2025-05-07,10:00:00,San Luis Potosí,100869,Disponible
2025-05-07,10:00:00,Baja California Sur,132118,Disponible
2025-05-07,10:00:00,Chihuahua,106831,Disponible
2025-05-07,10:00:00,INAI,4934,Disponible
2025-05-07,10:00:00,Chiapas,125891,Disponible
2025-05-07,10:00:00,Puebla,676124,Disponible
2025-05-07,10:00:00,INE,219356,Disponible
2025-05-07,10:00:00,Nayarit,6740,Disponible
2025-05-07,10:00:00,Michoacán,16252,Disponible
2025-05-07,10:00:00,Morelos,42068,Disponible
2025-05-07,10:00:00,Guerrero,100,Disponible
2025-05-07,10:00:00,CNDH,10520,Disponible
2025-05-07,10:00:00,SABG,5783702,Disponible
2025-05-07,10:00:00,Sinaloa,1252,Disponible
2025-05-07,10:00:00,Baja California,79,Disponible
2025-05-07,10:00:00,Colima,119,Disponible
2025-05-08,10:00:00,Aguascalientes,206286,Disponible
2025-05-08,10:00:00,Jalisco,531571,Disponible
2025-05-08,10:00:00,Guanajuato,19494,Disponible
2025-05-08,10:00:00,México,114666,Disponible
2025-05-08,10:00:00,Zacatecas,166124,Disponible
2025-05-08,10:00:00,Tlaxcala,64004,Disponible
2025-05-08,10:00:00,Quintana Roo,311576,Disponible
2025-05-08,10:00:00,Tabasco,211,Disponible
2025-05-08,10:00:00,San Luis Potosí,102276,Disponible
2025-05-08,10:00:00,Baja California Sur,132476,Disponible
2025-05-08,10:00:00,Chihuahua,106831,Disponible
2025-05-08,10:00:00,INAI,4934,Disponible
2025-05-08,10:00:00,Chiapas,125891,Disponible
2025-05-08,10:00:00,Puebla,681026,Disponible
2025-05-08,10:00:00,INE,219356,Disponible
2025-05-08,10:00:00,Nayarit,6740,Disponible
2025-05-08,10:00:00,Michoacán,16252,Disponible
2025-05-08,10:00:00,Morelos,42068,Disponible
2025-05-08,10:00:00,Guerrero,100,Disponible
2025-05-08,10:00:00,CNDH,10520,Disponible
2025-05-08,10:00:00,SABG,5783702,Disponible
2025-05-08,10:00:00,Sinaloa,1252,Disponible
2025-05-08,10:00:00,Baja California,79,Disponible
2025-05-08,10:00:00,Colima,119,Disponible
2025-05-09,10:00:00,Aguascalientes,207064,Disponible
2025-05-09,10:00:00,Jalisco,531571,Disponible
2025-05-09,10:00:00,Guanajuato,ERROR,Request failed with status code 504
2025-05-09,10:00:00,México,0,Disponible
2025-05-09,10:00:00,Zacatecas,166124,Disponible
2025-05-09,10:00:00,Tlaxcala,64435,Disponible
2025-05-09,10:00:00,Quintana Roo,311576,Disponible
2025-05-09,10:00:00,Tabasco,ERROR,Request failed with status code 504
2025-05-09,10:00:00,San Luis Potosí,103384,Disponible
2025-05-09,10:00:00,Baja California Sur,132877,Disponible
2025-05-09,10:00:00,Chihuahua,107078,Disponible
2025-05-09,10:00:00,INAI,4934,Disponible
2025-05-09,10:00:00,Chiapas,125891,Disponible
2025-05-09,10:00:00,Puebla,ERROR,Request failed with status code 504
2025-05-09,10:00:00,INE,219356,Disponible
2025-05-09,10:00:00,Nayarit,6740,Disponible
2025-05-09,10:00:00,Michoacán,16252,Disponible
2025-05-09,10:00:00,Morelos,42068,Disponible
2025-05-09,10:00:00,Guerrero,100,Disponible
2025-05-09,10:00:00,CNDH,10520,Disponible
2025-05-09,10:00:00,SABG,5783702,Disponible
2025-05-09,10:00:00,Sinaloa,1252,Disponible
2025-05-09,10:00:00,Baja California,79,Disponible
2025-05-09,10:00:00,Colima,119,Disponible
2025-05-12,10:00:01,Aguascalientes,223430,Disponible
2025-05-12,10:00:01,Jalisco,531571,Disponible
2025-05-12,10:00:01,Guanajuato,19522,Disponible
2025-05-12,10:00:01,México,114702,Disponible
2025-05-12,10:00:01,Zacatecas,166124,Disponible
2025-05-12,10:00:01,Tlaxcala,64845,Disponible
2025-05-12,10:00:01,Quintana Roo,311576,Disponible
2025-05-12,10:00:01,Tabasco,211,Disponible
2025-05-12,10:00:01,San Luis Potosí,104643,Disponible
2025-05-12,10:00:01,Baja California Sur,133078,Disponible
2025-05-12,10:00:01,Chihuahua,107078,Disponible
2025-05-12,10:00:01,INAI,4934,Disponible
2025-05-12,10:00:01,Chiapas,125891,Disponible
2025-05-12,10:00:01,Puebla,693824,Disponible
2025-05-12,10:00:01,INE,219356,Disponible
2025-05-12,10:00:01,Nayarit,6740,Disponible
2025-05-12,10:00:01,Michoacán,16252,Disponible
2025-05-12,10:00:01,Morelos,42068,Disponible
2025-05-12,10:00:01,Guerrero,100,Disponible
2025-05-12,10:00:01,CNDH,10520,Disponible
2025-05-12,10:00:01,SABG,5783702,Disponible
2025-05-12,10:00:01,Sinaloa,1252,Disponible
2025-05-12,10:00:01,Baja California,79,Disponible
2025-05-12,10:00:01,Colima,119,Disponible
2025-05-13,10:00:00,Aguascalientes,223763,Disponible
2025-05-13,10:00:00,Jalisco,531571,Disponible
2025-05-13,10:00:00,Guanajuato,19525,Disponible
2025-05-13,10:00:00,México,114702,Disponible
2025-05-13,10:00:00,Zacatecas,172793,Disponible
2025-05-13,10:00:00,Tlaxcala,65265,Disponible
2025-05-13,10:00:00,Quintana Roo,311576,Disponible
2025-05-13,10:00:00,Tabasco,211,Disponible
2025-05-13,10:00:00,San Luis Potosí,106081,Disponible
2025-05-13,10:00:00,Baja California Sur,133532,Disponible
2025-05-13,10:00:00,Chihuahua,107078,Disponible
2025-05-13,10:00:00,INAI,4934,Disponible
2025-05-13,10:00:00,Chiapas,125891,Disponible
2025-05-13,10:00:00,Puebla,700114,Disponible
2025-05-13,10:00:00,INE,219356,Disponible
2025-05-13,10:00:00,Nayarit,6740,Disponible
2025-05-13,10:00:00,Michoacán,16252,Disponible
2025-05-13,10:00:00,Morelos,42068,Disponible
2025-05-13,10:00:00,Guerrero,100,Disponible
2025-05-13,10:00:00,CNDH,10520,Disponible
2025-05-13,10:00:00,SABG,5783702,Disponible
2025-05-13,10:00:00,Sinaloa,1252,Disponible
2025-05-13,10:00:00,Baja California,79,Disponible
2025-05-13,10:00:00,Colima,119,Disponible
2025-05-14,10:00:01,Aguascalientes,224668,Disponible
2025-05-14,10:00:01,Jalisco,531571,Disponible
2025-05-14,10:00:01,Guanajuato,19535,Disponible
2025-05-14,10:00:01,México,115578,Disponible
2025-05-14,10:00:01,Zacatecas,176062,Disponible
2025-05-14,10:00:01,Tlaxcala,65774,Disponible
2025-05-14,10:00:01,Quintana Roo,311576,Disponible
2025-05-14,10:00:01,Tabasco,211,Disponible
2025-05-14,10:00:01,San Luis Potosí,107716,Disponible
2025-05-14,10:00:01,Baja California Sur,134133,Disponible
2025-05-14,10:00:01,Chihuahua,107078,Disponible
2025-05-14,10:00:01,INAI,4934,Disponible
2025-05-14,10:00:01,Chiapas,125891,Disponible
2025-05-14,10:00:01,Puebla,707269,Disponible
2025-05-14,10:00:01,INE,219356,Disponible
2025-05-14,10:00:01,Nayarit,6740,Disponible
2025-05-14,10:00:01,Michoacán,0,Disponible
2025-05-14,10:00:01,Morelos,42068,Disponible
2025-05-14,10:00:01,Guerrero,100,Disponible
2025-05-14,10:00:01,CNDH,10520,Disponible
2025-05-14,10:00:01,SABG,5783702,Disponible
2025-05-14,10:00:01,Sinaloa,1252,Disponible
2025-05-14,10:00:01,Baja California,79,Disponible
2025-05-14,10:00:01,Colima,119,Disponible
2025-05-15,10:00:01,Aguascalientes,225400,Disponible
2025-05-15,10:00:01,Jalisco,531571,Disponible
2025-05-15,10:00:01,Guanajuato,19538,Disponible
2025-05-15,10:00:01,México,115969,Disponible
2025-05-15,10:00:01,Zacatecas,184896,Disponible
2025-05-15,10:00:01,Tlaxcala,66445,Disponible
2025-05-15,10:00:01,Quintana Roo,311576,Disponible
2025-05-15,10:00:01,Tabasco,211,Disponible
2025-05-15,10:00:01,San Luis Potosí,109294,Disponible
2025-05-15,10:00:01,Baja California Sur,134767,Disponible
2025-05-15,10:00:01,Chihuahua,107078,Disponible
2025-05-15,10:00:01,INAI,4934,Disponible
2025-05-15,10:00:01,Chiapas,125891,Disponible
2025-05-15,10:00:01,Puebla,713197,Disponible
2025-05-15,10:00:01,INE,219356,Disponible
2025-05-15,10:00:01,Nayarit,6740,Disponible
2025-05-15,10:00:01,Michoacán,0,Disponible
2025-05-15,10:00:01,Morelos,42068,Disponible
2025-05-15,10:00:01,Guerrero,100,Disponible
2025-05-15,10:00:01,CNDH,10520,Disponible
2025-05-15,10:00:01,SABG,5783702,Disponible
2025-05-15,10:00:01,Sinaloa,1252,Disponible
2025-05-15,10:00:01,Baja California,79,Disponible
2025-05-15,10:00:01,Colima,119,Disponible
2025-05-16,10:00:01,Aguascalientes,226309,Disponible
2025-05-16,10:00:01,Jalisco,531571,Disponible
2025-05-16,10:00:01,Guanajuato,19549,Disponible
2025-05-16,10:00:01,México,116892,Disponible
2025-05-16,10:00:01,Zacatecas,197982,Disponible
2025-05-16,10:00:01,Tlaxcala,67147,Disponible
2025-05-16,10:00:01,Quintana Roo,311576,Disponible
2025-05-16,10:00:01,Tabasco,211,Disponible
2025-05-16,10:00:01,San Luis Potosí,110464,Disponible
2025-05-16,10:00:01,Baja California Sur,135404,Disponible
2025-05-16,10:00:01,Chihuahua,107078,Disponible
2025-05-16,10:00:01,INAI,4934,Disponible
2025-05-16,10:00:01,Chiapas,125891,Disponible
2025-05-16,10:00:01,Puebla,718445,Disponible
2025-05-16,10:00:01,INE,219356,Disponible
2025-05-16,10:00:01,Nayarit,6740,Disponible
2025-05-16,10:00:01,Michoacán,0,Disponible
2025-05-16,10:00:01,Morelos,42068,Disponible
2025-05-16,10:00:01,Guerrero,100,Disponible
2025-05-16,10:00:01,CNDH,10520,Disponible
2025-05-16,10:00:01,SABG,5783702,Disponible
2025-05-16,10:00:01,Sinaloa,1252,Disponible
2025-05-16,10:00:01,Baja California,79,Disponible
2025-05-16,10:00:01,Colima,119,Disponible
2025-05-19,10:00:06,Aguascalientes,226763,Disponible
2025-05-19,10:00:06,Jalisco,531571,Disponible
2025-05-19,10:00:06,Guanajuato,19562,Disponible
2025-05-19,10:00:06,México,117268,Disponible
2025-05-19,10:00:06,Zacatecas,201379,Disponible
2025-05-19,10:00:06,Tlaxcala,67818,Disponible
2025-05-19,10:00:06,Quintana Roo,311576,Disponible
2025-05-19,10:00:06,Tabasco,211,Disponible
2025-05-19,10:00:06,San Luis Potosí,111531,Disponible
2025-05-19,10:00:06,Baja California Sur,135973,Disponible
2025-05-19,10:00:06,Chihuahua,107078,Disponible
2025-05-19,10:00:06,INAI,4934,Disponible
2025-05-19,10:00:06,Chiapas,125891,Disponible
2025-05-19,10:00:06,Puebla,731605,Disponible
2025-05-19,10:00:06,INE,219356,Disponible
2025-05-19,10:00:06,Nayarit,6740,Disponible
2025-05-19,10:00:06,Michoacán,16252,Disponible
2025-05-19,10:00:06,Morelos,42068,Disponible
2025-05-19,10:00:06,Guerrero,100,Disponible
2025-05-19,10:00:06,CNDH,10520,Disponible
2025-05-19,10:00:06,SABG,5783702,Disponible
2025-05-19,10:00:06,Sinaloa,1252,Disponible
2025-05-19,10:00:06,Baja California,79,Disponible
2025-05-19,10:00:06,Colima,119,Disponible
2025-05-20,10:00:00,Aguascalientes,226763,Disponible
2025-05-20,10:00:00,Jalisco,531571,Disponible
2025-05-20,10:00:00,Guanajuato,19574,Disponible
2025-05-20,10:00:00,México,117652,Disponible
2025-05-20,10:00:00,Zacatecas,202499,Disponible
2025-05-20,10:00:00,Tlaxcala,68413,Disponible
2025-05-20,10:00:00,Quintana Roo,311576,Disponible
2025-05-20,10:00:00,Tabasco,211,Disponible
2025-05-20,10:00:00,San Luis Potosí,112431,Disponible
2025-05-20,10:00:00,Baja California Sur,136387,Disponible
2025-05-20,10:00:00,Chihuahua,107078,Disponible
2025-05-20,10:00:00,INAI,4934,Disponible
2025-05-20,10:00:00,Chiapas,125891,Disponible
2025-05-20,10:00:00,Puebla,741132,Disponible
2025-05-20,10:00:00,INE,219356,Disponible
2025-05-20,10:00:00,Nayarit,6740,Disponible
2025-05-20,10:00:00,Michoacán,16252,Disponible
2025-05-20,10:00:00,Morelos,42068,Disponible
2025-05-20,10:00:00,Guerrero,100,Disponible
2025-05-20,10:00:00,CNDH,10520,Disponible
2025-05-20,10:00:00,SABG,5783702,Disponible
2025-05-20,10:00:00,Sinaloa,1252,Disponible
2025-05-20,10:00:00,Baja California,79,Disponible
2025-05-20,10:00:00,Colima,119,Disponible
2025-05-21,10:00:00,Aguascalientes,227349,Disponible
2025-05-21,10:00:00,Jalisco,531571,Disponible
2025-05-21,10:00:00,Guanajuato,19582,Disponible
2025-05-21,10:00:00,México,119533,Disponible
2025-05-21,10:00:00,Zacatecas,212829,Disponible
2025-05-21,10:00:00,Tlaxcala,69161,Disponible
2025-05-21,10:00:00,Quintana Roo,311576,Disponible
2025-05-21,10:00:00,Tabasco,211,Disponible
2025-05-21,10:00:00,San Luis Potosí,113319,Disponible
2025-05-21,10:00:00,Baja California Sur,137005,Disponible
2025-05-21,10:00:00,Chihuahua,107078,Disponible
2025-05-21,10:00:00,INAI,4934,Disponible
2025-05-21,10:00:00,Chiapas,125891,Disponible
2025-05-21,10:00:00,Puebla,750941,Disponible
2025-05-21,10:00:00,INE,219356,Disponible
2025-05-21,10:00:00,Nayarit,6740,Disponible
2025-05-21,10:00:00,Michoacán,16252,Disponible
2025-05-21,10:00:00,Morelos,42068,Disponible
2025-05-21,10:00:00,Guerrero,100,Disponible
2025-05-21,10:00:00,CNDH,10520,Disponible
2025-05-21,10:00:00,SABG,5783702,Disponible
2025-05-21,10:00:00,Sinaloa,1252,Disponible
2025-05-21,10:00:00,Baja California,79,Disponible
2025-05-21,10:00:00,Colima,119,Disponible
2025-05-22,10:00:01,Aguascalientes,227349,Disponible
2025-05-22,10:00:01,Jalisco,531571,Disponible
2025-05-22,10:00:01,Guanajuato,19589,Disponible
2025-05-22,10:00:01,México,120188,Disponible
2025-05-22,10:00:01,Zacatecas,212829,Disponible
2025-05-22,10:00:01,Tlaxcala,69794,Disponible
2025-05-22,10:00:01,Quintana Roo,311576,Disponible
2025-05-22,10:00:01,Tabasco,211,Disponible
2025-05-22,10:00:01,San Luis Potosí,114270,Disponible
2025-05-22,10:00:01,Baja California Sur,137550,Disponible
2025-05-22,10:00:01,Chihuahua,107078,Disponible
2025-05-22,10:00:01,INAI,4934,Disponible
2025-05-22,10:00:01,Chiapas,125891,Disponible
2025-05-22,10:00:01,Puebla,0,Disponible
2025-05-22,10:00:01,INE,219356,Disponible
2025-05-22,10:00:01,Nayarit,6740,Disponible
2025-05-22,10:00:01,Michoacán,16252,Disponible
2025-05-22,10:00:01,Morelos,42068,Disponible
2025-05-22,10:00:01,Guerrero,100,Disponible
2025-05-22,10:00:01,CNDH,10520,Disponible
2025-05-22,10:00:01,SABG,5783702,Disponible
2025-05-22,10:00:01,Sinaloa,1252,Disponible
2025-05-22,10:00:01,Baja California,79,Disponible
2025-05-22,10:00:01,Colima,119,Disponible
2025-05-23,10:00:01,Aguascalientes,228080,Disponible
2025-05-23,10:00:01,Jalisco,531571,Disponible
2025-05-23,10:00:01,Guanajuato,19607,Disponible
2025-05-23,10:00:01,México,120780,Disponible
2025-05-23,10:00:01,Zacatecas,216742,Disponible
2025-05-23,10:00:01,Tlaxcala,70470,Disponible
2025-05-23,10:00:01,Quintana Roo,311576,Disponible
2025-05-23,10:00:01,Tabasco,211,Disponible
2025-05-23,10:00:01,San Luis Potosí,115281,Disponible
2025-05-23,10:00:01,Baja California Sur,137956,Disponible
2025-05-23,10:00:01,Chihuahua,107078,Disponible
2025-05-23,10:00:01,INAI,4934,Disponible
2025-05-23,10:00:01,Chiapas,125891,Disponible
2025-05-23,10:00:01,Puebla,766008,Disponible
2025-05-23,10:00:01,INE,219356,Disponible
2025-05-23,10:00:01,Nayarit,6740,Disponible
2025-05-23,10:00:01,Michoacán,16252,Disponible
2025-05-23,10:00:01,Morelos,42068,Disponible
2025-05-23,10:00:01,Guerrero,100,Disponible
2025-05-23,10:00:01,CNDH,10520,Disponible
2025-05-23,10:00:01,SABG,5783702,Disponible
2025-05-23,10:00:01,Sinaloa,1252,Disponible
2025-05-23,10:00:01,Baja California,79,Disponible
2025-05-23,10:00:01,Colima,119,Disponible
2025-05-26,10:00:00,Aguascalientes,228376,Disponible
2025-05-26,10:00:00,Jalisco,531571,Disponible
2025-05-26,10:00:00,Guanajuato,19617,Disponible
2025-05-26,10:00:00,México,122140,Disponible
2025-05-26,10:00:00,Zacatecas,216942,Disponible
2025-05-26,10:00:00,Tlaxcala,71097,Disponible
2025-05-26,10:00:00,Quintana Roo,311576,Disponible
2025-05-26,10:00:00,Tabasco,211,Disponible
2025-05-26,10:00:00,San Luis Potosí,116293,Disponible
2025-05-26,10:00:00,Baja California Sur,138400,Disponible
2025-05-26,10:00:00,Chihuahua,107078,Disponible
2025-05-26,10:00:00,INAI,4934,Disponible
2025-05-26,10:00:00,Chiapas,125891,Disponible
2025-05-26,10:00:00,Puebla,775053,Disponible
2025-05-26,10:00:00,INE,219356,Disponible
2025-05-26,10:00:00,Nayarit,6740,Disponible
2025-05-26,10:00:00,Michoacán,16252,Disponible
2025-05-26,10:00:00,Morelos,42068,Disponible
2025-05-26,10:00:00,Guerrero,100,Disponible
2025-05-26,10:00:00,CNDH,10520,Disponible
2025-05-26,10:00:00,SABG,5783702,Disponible
2025-05-26,10:00:00,Sinaloa,1252,Disponible
2025-05-26,10:00:00,Baja California,79,Disponible
2025-05-26,10:00:00,Colima,330,Disponible
2025-05-27,10:00:00,Aguascalientes,228790,Disponible
2025-05-27,10:00:00,Jalisco,531571,Disponible
2025-05-27,10:00:00,Guanajuato,19617,Disponible
2025-05-27,10:00:00,México,122502,Disponible
2025-05-27,10:00:00,Zacatecas,216942,Disponible
2025-05-27,10:00:00,Tlaxcala,71687,Disponible
2025-05-27,10:00:00,Quintana Roo,311576,Disponible
2025-05-27,10:00:00,Tabasco,211,Disponible
2025-05-27,10:00:00,San Luis Potosí,117313,Disponible
2025-05-27,10:00:00,Baja California Sur,138775,Disponible
2025-05-27,10:00:00,Chihuahua,107078,Disponible
2025-05-27,10:00:00,INAI,4934,Disponible
2025-05-27,10:00:00,Chiapas,125891,Disponible
2025-05-27,10:00:00,Puebla,781117,Disponible
2025-05-27,10:00:00,INE,219356,Disponible
2025-05-27,10:00:00,Nayarit,6740,Disponible
2025-05-27,10:00:00,Michoacán,16252,Disponible
2025-05-27,10:00:00,Morelos,42068,Disponible
2025-05-27,10:00:00,Guerrero,100,Disponible
2025-05-27,10:00:00,CNDH,10520,Disponible
2025-05-27,10:00:00,SABG,5783702,Disponible
2025-05-27,10:00:00,Sinaloa,1252,Disponible
2025-05-27,10:00:00,Baja California,79,Disponible
2025-05-27,10:00:00,Colima,330,Disponible
2025-05-28,10:00:00,Aguascalientes,229255,Disponible
2025-05-28,10:00:00,Jalisco,531571,Disponible
2025-05-28,10:00:00,Guanajuato,19624,Disponible
2025-05-28,10:00:00,México,122938,Disponible
2025-05-28,10:00:00,Zacatecas,222496,Disponible
2025-05-28,10:00:00,Tlaxcala,72375,Disponible
2025-05-28,10:00:00,Quintana Roo,311576,Disponible
2025-05-28,10:00:00,Tabasco,211,Disponible
2025-05-28,10:00:00,San Luis Potosí,118558,Disponible
2025-05-28,10:00:00,Baja California Sur,157414,Disponible
2025-05-28,10:00:00,Chihuahua,107078,Disponible
2025-05-28,10:00:00,INAI,4934,Disponible
2025-05-28,10:00:00,Chiapas,125891,Disponible
2025-05-28,10:00:00,Puebla,785956,Disponible
2025-05-28,10:00:00,INE,219356,Disponible
2025-05-28,10:00:00,Nayarit,6740,Disponible
2025-05-28,10:00:00,Michoacán,16252,Disponible
2025-05-28,10:00:00,Morelos,42068,Disponible
2025-05-28,10:00:00,Guerrero,100,Disponible
2025-05-28,10:00:00,CNDH,10520,Disponible
2025-05-28,10:00:00,SABG,5783702,Disponible
2025-05-28,10:00:00,Sinaloa,1252,Disponible
2025-05-28,10:00:00,Baja California,79,Disponible
2025-05-28,10:00:00,Colima,330,Disponible
2025-05-29,10:00:00,Aguascalientes,229255,Disponible
2025-05-29,10:00:00,Jalisco,531571,Disponible
2025-05-29,10:00:00,Guanajuato,19629,Disponible
2025-05-29,10:00:00,México,124952,Disponible
2025-05-29,10:00:00,Zacatecas,227717,Disponible
2025-05-29,10:00:00,Tlaxcala,72965,Disponible
2025-05-29,10:00:00,Quintana Roo,311576,Disponible
2025-05-29,10:00:00,Tabasco,211,Disponible
2025-05-29,10:00:00,San Luis Potosí,119610,Disponible
2025-05-29,10:00:00,Baja California Sur,158420,Disponible
2025-05-29,10:00:00,Chihuahua,107078,Disponible
2025-05-29,10:00:00,INAI,4934,Disponible
2025-05-29,10:00:00,Chiapas,125891,Disponible
2025-05-29,10:00:00,Puebla,803551,Disponible
2025-05-29,10:00:00,INE,219356,Disponible
2025-05-29,10:00:00,Nayarit,6740,Disponible
2025-05-29,10:00:00,Michoacán,16252,Disponible
2025-05-29,10:00:00,Morelos,42068,Disponible
2025-05-29,10:00:00,Guerrero,100,Disponible
2025-05-29,10:00:00,CNDH,10520,Disponible
2025-05-29,10:00:00,SABG,5783702,Disponible
2025-05-29,10:00:00,Sinaloa,1252,Disponible
2025-05-29,10:00:00,Baja California,79,Disponible
2025-05-29,10:00:00,Colima,330,Disponible
2025-05-30,10:00:01,Aguascalientes,230042,Disponible
2025-05-30,10:00:01,Jalisco,532325,Disponible
2025-05-30,10:00:01,Guanajuato,19634,Disponible
2025-05-30,10:00:01,México,125919,Disponible
2025-05-30,10:00:01,Zacatecas,227919,Disponible
2025-05-30,10:00:01,Tlaxcala,73790,Disponible
2025-05-30,10:00:01,Quintana Roo,311576,Disponible
2025-05-30,10:00:01,Tabasco,211,Disponible
2025-05-30,10:00:01,San Luis Potosí,120911,Disponible
2025-05-30,10:00:01,Baja California Sur,158420,Disponible
2025-05-30,10:00:01,Chihuahua,107078,Disponible
2025-05-30,10:00:01,INAI,4934,Disponible
2025-05-30,10:00:01,Chiapas,125891,Disponible
2025-05-30,10:00:01,Puebla,802695,Disponible
2025-05-30,10:00:01,INE,219356,Disponible
2025-05-30,10:00:01,Nayarit,6740,Disponible
2025-05-30,10:00:01,Michoacán,16252,Disponible
2025-05-30,10:00:01,Morelos,42068,Disponible
2025-05-30,10:00:01,Guerrero,100,Disponible
2025-05-30,10:00:01,CNDH,10520,Disponible
2025-05-30,10:00:01,SABG,5783702,Disponible
2025-05-30,10:00:01,Sinaloa,1252,Disponible
2025-05-30,10:00:01,Baja California,79,Disponible
2025-05-30,10:00:01,Colima,330,Disponible
2025-05-31,10:00:01,Aguascalientes,230042,Disponible
2025-05-31,10:00:01,Jalisco,532325,Disponible
2025-05-31,10:00:01,Guanajuato,19645,Disponible
2025-05-31,10:00:01,México,126922,Disponible
2025-05-31,10:00:01,Zacatecas,227919,Disponible
2025-05-31,10:00:01,Tlaxcala,74633,Disponible
2025-05-31,10:00:01,Quintana Roo,311576,Disponible
2025-05-31,10:00:01,Tabasco,211,Disponible
2025-05-31,10:00:01,San Luis Potosí,122300,Disponible
2025-05-31,10:00:01,Baja California Sur,158420,Disponible
2025-05-31,10:00:01,Chihuahua,107078,Disponible
2025-05-31,10:00:01,INAI,4934,Disponible
2025-05-31,10:00:01,Chiapas,125891,Disponible
2025-05-31,10:00:01,Puebla,805551,Disponible
2025-05-31,10:00:01,INE,219356,Disponible
2025-05-31,10:00:01,Nayarit,6740,Disponible
2025-05-31,10:00:01,Michoacán,16252,Disponible
2025-05-31,10:00:01,Morelos,42068,Disponible
2025-05-31,10:00:01,Guerrero,102,Disponible
2025-05-31,10:00:01,CNDH,10520,Disponible
2025-05-31,10:00:01,SABG,5783702,Disponible
2025-05-31,10:00:01,Sinaloa,1252,Disponible
2025-05-31,10:00:01,Baja California,79,Disponible
2025-05-31,10:00:01,Colima,330,Disponible
2025-06-01,10:00:00,Aguascalientes,230379,Disponible
2025-06-01,10:00:00,Jalisco,532325,Disponible
2025-06-01,10:00:00,Guanajuato,19649,Disponible
2025-06-01,10:00:00,México,127642,Disponible
2025-06-01,10:00:00,Zacatecas,227919,Disponible
2025-06-01,10:00:00,Tlaxcala,74773,Disponible
2025-06-01,10:00:00,Quintana Roo,311576,Disponible
2025-06-01,10:00:00,Tabasco,211,Disponible
2025-06-01,10:00:00,San Luis Potosí,122576,Disponible
2025-06-01,10:00:00,Baja California Sur,158420,Disponible
2025-06-01,10:00:00,Chihuahua,107078,Disponible
2025-06-01,10:00:00,INAI,4934,Disponible
2025-06-01,10:00:00,Chiapas,125891,Disponible
2025-06-01,10:00:00,Puebla,806589,Disponible
2025-06-01,10:00:00,INE,219356,Disponible
2025-06-01,10:00:00,Nayarit,6740,Disponible
2025-06-01,10:00:00,Michoacán,16252,Disponible
2025-06-01,10:00:00,Morelos,42068,Disponible
2025-06-01,10:00:00,Guerrero,102,Disponible
2025-06-01,10:00:00,CNDH,10520,Disponible
2025-06-01,10:00:00,SABG,5783702,Disponible
2025-06-01,10:00:00,Sinaloa,1252,Disponible
2025-06-01,10:00:00,Baja California,79,Disponible
2025-06-01,10:00:00,Colima,330,Disponible
2025-06-02,10:00:00,Aguascalientes,230379,Disponible
2025-06-02,10:00:00,Jalisco,532325,Disponible
2025-06-02,10:00:00,Guanajuato,19650,Disponible
2025-06-02,10:00:00,México,127651,Disponible
2025-06-02,10:00:00,Zacatecas,227919,Disponible
2025-06-02,10:00:00,Tlaxcala,74796,Disponible
2025-06-02,10:00:00,Quintana Roo,311576,Disponible
2025-06-02,10:00:00,Tabasco,211,Disponible
2025-06-02,10:00:00,San Luis Potosí,122600,Disponible
2025-06-02,10:00:00,Baja California Sur,158420,Disponible
2025-06-02,10:00:00,Chihuahua,107078,Disponible
2025-06-02,10:00:00,INAI,4934,Disponible
2025-06-02,10:00:00,Chiapas,125891,Disponible
2025-06-02,10:00:00,Puebla,806871,Disponible
2025-06-02,10:00:00,INE,219356,Disponible
2025-06-02,10:00:00,Nayarit,6740,Disponible
2025-06-02,10:00:00,Michoacán,16252,Disponible
2025-06-02,10:00:00,Morelos,42068,Disponible
2025-06-02,10:00:00,Guerrero,102,Disponible
2025-06-02,10:00:00,CNDH,10520,Disponible
2025-06-02,10:00:00,SABG,5783702,Disponible
2025-06-02,10:00:00,Sinaloa,1252,Disponible
2025-06-02,10:00:00,Baja California,79,Disponible
2025-06-02,10:00:00,Colima,330,Disponible
2025-06-03,10:00:00,Aguascalientes,230425,Disponible
2025-06-03,10:00:00,Jalisco,532448,Disponible
2025-06-03,10:00:00,Guanajuato,19650,Disponible
2025-06-03,10:00:00,México,131281,Disponible
2025-06-03,10:00:00,Zacatecas,227919,Disponible
2025-06-03,10:00:00,Tlaxcala,74925,Disponible
2025-06-03,10:00:00,Quintana Roo,311576,Disponible
2025-06-03,10:00:00,Tabasco,211,Disponible
2025-06-03,10:00:00,San Luis Potosí,122836,Disponible
2025-06-03,10:00:00,Baja California Sur,161057,Disponible
2025-06-03,10:00:00,Chihuahua,127406,Disponible
2025-06-03,10:00:00,INAI,4934,Disponible
2025-06-03,10:00:00,Chiapas,125891,Disponible
2025-06-03,10:00:00,Puebla,807271,Disponible
2025-06-03,10:00:00,INE,219356,Disponible
2025-06-03,10:00:00,Nayarit,6740,Disponible
2025-06-03,10:00:00,Michoacán,16252,Disponible
2025-06-03,10:00:00,Morelos,42068,Disponible
2025-06-03,10:00:00,Guerrero,102,Disponible
2025-06-03,10:00:00,CNDH,10520,Disponible
2025-06-03,10:00:00,SABG,5783702,Disponible
2025-06-03,10:00:00,Sinaloa,1252,Disponible
2025-06-03,10:00:00,Baja California,79,Disponible
2025-06-03,10:00:00,Colima,330,Disponible
